,tweet_id,user_id,text,created_at,label,Drug Name Extracted,Drug Name Normalized,txt_tokenized,txt_tagged,prediction,pattern_matching
780,577727703723352064,81154975,"I took 2 Benedryl awhile ago, that usually knocks me right out. I think finally being able to take a deep breath woke me up.",2015-03-17 07:06:32,1,benedryl,benadryl,"['i', 'took', '2', 'benedryl', 'awhile', 'ago', ',', 'that', 'usually', 'knocks', 'me', 'right', 'out', '.', 'i', 'think', 'finally', 'being', 'able', 'to', 'take', 'a', 'deep', 'breath', 'woke', 'me', 'up', '.']","['i', 'took', '2', 'benedryl', 'awhile', 'ago', ',', 'that', 'usually', 'knocks', 'me', 'right', 'out', '.', 'i', 'think', 'finally', 'being', 'able', 'to', 'take', 'a', 'deep', 'breath', 'woke', 'me', 'up', '.']",0,
127,872462742657142784,79282617,@FancyFour b vitamins are your friend. I used to get b12 shots. Ahhhhmazing.,2017-06-07 14:38:22,1,b12 shots,b12 shots,"['@fancyfour', 'b', 'vitamins', 'are', 'your', 'friend', '.', 'i', 'used', 'to', 'get', 'b12', 'shots', '.', 'ahhhhmazing', '.']","['@fancyfour', 'b', 'vitamins', 'are', 'your', 'friend', '.', 'i', 'used', 'to', 'get', 'b12', 'shots', '.', 'ahhhhmazing', '.']",0,
470,851998226190221313,40777000,omg no puede ser my asthma is back at regular tedious force. I have to go backon beclomethasone,2017-04-12 03:19:41,1,beclomethasone,beclomethasone,"['omg', 'no', 'puede', 'ser', 'my', 'asthma', 'is', 'back', 'at', 'regular', 'tedious', 'force', '.', 'i', 'have', 'to', 'go', 'backon', 'beclomethasone']","['omg', 'no', 'puede', 'ser', 'my', 'asthma', 'is', 'back', 'at', 'regular', 'tedious', 'force', '.', 'i', 'have', 'to', 'go', 'backon', 'beclomethasone']",0,
720,872448011351330816,463331339,I was placed on an antibiotic by my dentist for 10 days. My question is am I supposed to stop taking methotrexate... https://t.co/0GwyMIhDMj,2017-06-07 13:39:49,1,antibiotic; methotrexate,antibiotic; methotrexate,"['i', 'was', 'placed', 'on', 'an', 'antibiotic', 'by', 'my', 'dentist', 'for', '10', 'days', '.', 'my', 'question', 'is', 'am', 'i', 'supposed', 'to', 'stop', 'taking', 'methotrexate', '...', 'https://t.co/0gwymihdmj']","['i', 'was', 'placed', 'on', 'an', 'antibiotic', 'by', 'my', 'dentist', 'for', '10', 'days', '.', 'my', 'question', 'is', 'am', 'i', 'supposed', 'to', 'stop', 'taking', 'methotrexate', '...', 'https://t.co/0gwymihdmj']",0,
369,899482522551287808,2174621851,Patiently Waiting On This NyQuil To Kick In !,2017-08-21 04:05:19,1,nyquil,nyquil,"['patiently', 'waiting', 'on', 'this', 'nyquil', 'to', 'kick', 'in', '!']","['patiently', 'waiting', 'on', 'this', 'nyquil', 'to', 'kick', 'in', '!']",0,
419,753236458622726144,231104880,That Dragonfly Stuff all natural arnica productshttps://t.co/7ndvXrsAM2#naturalpainrelief #arthritis... https://t.co/QnrJ42kyiZ,2016-07-13 14:35:40,1,that dragonfly stuff; arnica,that dragonfly stuff; arnica,"['that', 'dragonfly', 'stuff', 'all', 'natural', 'arnica', 'productshttps', ':/', '/', 't.co/7ndvxrsam2#naturalpainrelief', '#arthritis', '...', 'https://t.co/qnrj42kyiz']","['that', 'dragonfly', 'stuff', 'all', 'natural', 'arnica', 'productshttps', ':/', '/', 't.co/7ndvxrsam2#naturalpainrelief', '#arthritis', '...', 'https://t.co/qnrj42kyiz']",0,
851,667933426947784704,218991632,RT @AdderallHadMe: Adderall had me riding my bike on the ceiling https://t.co/uhy2Cf8lU3,2015-11-21 05:11:53,1,adderall,adderall,"['rt', '@adderallhadme', ':', 'adderall', 'had', 'me', 'riding', 'my', 'bike', 'on', 'the', 'ceiling', 'https://t.co/uhy2cf8lu3']","['rt', '@adderallhadme', ':', 'adderall', 'had', 'me', 'riding', 'my', 'bike', 'on', 'the', 'ceiling', 'https://t.co/uhy2cf8lu3']",0,
93,904709676637593600,526425773,"@KennedyLucy Fizzy Vitamin C and zinc (in the same tablet, like). Take LOADS! 3 or 4 in one go.  Repeat every 5 hours. Good luck üòòüòòüòòüòò",2017-09-04 14:16:10,1,fizzy vitamin c and zinc,Fizzy vitamin C and zinc,"['@kennedylucy', 'fizzy', 'vitamin', 'c', 'and', 'zinc', '(', 'in', 'the', 'same', 'tablet', ',', 'like', ')', '.', 'take', 'loads', '!', '3', 'or', '4', 'in', 'one', 'go', '.', 'repeat', 'every', '5', 'hours', '.', 'good', 'luck', 'üòò', 'üòò', 'üòò']","['@kennedylucy', 'fizzy', 'vitamin', 'c', 'and', 'zinc', '(', 'in', 'the', 'same', 'tablet', ',', 'like', ')', '.', 'take', 'loads', '!', '3', 'or', '4', 'in', 'one', 'go', '.', 'repeat', 'every', '5', 'hours', '.', 'good', 'luck', 'üòò', 'üòò', 'üòò']",0,
319,896992185249300480,2856026443,promethazine is giving me a toothache,2017-08-14 07:09:36,1,promethazine,promethazine,"['promethazine', 'is', 'giving', 'me', 'a', 'toothache']","['__@DRUG@__', 'is', 'giving', 'me', 'a', 'toothache']",0,
501,795392902000033792,2613407936,"@synthpopisback I mean, it's mostly steroids. The most interesting thing I got is some sudafed.",2016-11-06 22:30:20,1,steroids; sudafed,steroids; sudafed,"['@synthpopisback', 'i', 'mean', ',', ""it's"", 'mostly', 'steroids', '.', 'the', 'most', 'interesting', 'thing', 'i', 'got', 'is', 'some', 'sudafed', '.']","['@synthpopisback', 'i', 'mean', ',', ""it's"", 'mostly', 'steroids', '.', 'the', 'most', 'interesting', 'thing', 'i', 'got', 'is', 'some', 'sudafed', '.']",0,
290,770001540786614272,18172474,"RT @itsjbpr: Public backlash, PR crisis continues despite cost concession for EpiPens: https://t.co/ae8Dn97i0J #crisispr #pr",2016-08-28 20:54:07,1,epipens,epipen,"['rt', '@itsjbpr', ':', 'public', 'backlash', ',', 'pr', 'crisis', 'continues', 'despite', 'cost', 'concession', 'for', 'epipens', ':', 'https://t.co/ae8dn97i0j', '#crisispr', '#pr']","['rt', '@itsjbpr', ':', 'public', 'backlash', ',', 'pr', 'crisis', 'continues', 'despite', 'cost', 'concession', 'for', 'epipens', ':', 'https://t.co/ae8dn97i0j', '#crisispr', '#pr']",0,
386,624938197714399232,19388453,"The last of first four molars appears to be pushing through. Today is difficult to say the least. Please pass the Calpol, gin and chocolate",2015-07-25 13:44:11,1,calpol,calpol,"['the', 'last', 'of', 'first', 'four', 'molars', 'appears', 'to', 'be', 'pushing', 'through', '.', 'today', 'is', 'difficult', 'to', 'say', 'the', 'least', '.', 'please', 'pass', 'the', 'calpol', ',', 'gin', 'and', 'chocolate']","['the', 'last', 'of', 'first', 'four', 'molars', 'appears', 'to', 'be', 'pushing', 'through', '.', '__@DRUG@__', 'is', 'difficult', 'to', 'say', 'the', 'least', '.', 'please', 'pass', 'the', 'calpol', ',', 'gin', 'and', 'chocolate']",0,
704,438731553896534016,15356898,"@MaggieLaMaack @foyobli Triclosan well on its way to being banned, just sayin'.",2014-02-26 17:45:28,1,triclosan,triclosan,"['@maggielamaack', '@foyobli', 'triclosan', 'well', 'on', 'its', 'way', 'to', 'being', 'banned', ',', 'just', 'sayin', ""'"", '.']","['@maggielamaack', '@foyobli', 'triclosan', 'well', 'on', 'its', 'way', 'to', 'being', 'banned', ',', 'just', 'sayin', ""'"", '.']",0,
343,497552012457037824,197285780,Benadryl makes me super hype. I'm hoping it doesn't do the same thing to Alston üôèüòè,2014-08-08 01:16:58,1,benadryl,benadryl,"['benadryl', 'makes', 'me', 'super', 'hype', '.', ""i'm"", 'hoping', 'it', ""doesn't"", 'do', 'the', 'same', 'thing', 'to', 'alston', 'üôè', 'üòè']","['__@DRUG@__', 'makes', 'me', 'super', 'hype', '.', ""i'm"", 'hoping', 'it', ""doesn't"", 'do', 'the', 'same', 'thing', 'to', 'alston', 'üôè', 'üòè']",0,
324,714743378840305664,58698819,I totally forgot what sleep is. I need NyQuil üò´,2016-03-29 09:17:55,1,nyquil,nyquil,"['i', 'totally', 'forgot', 'what', 'sleep', 'is', '.', 'i', 'need', 'nyquil', 'üò´']","['i', 'totally', 'forgot', 'what', 'sleep', 'is', '.', 'i', 'need', 'nyquil', 'üò´']",0,
927,733765555186962432,78951073,Anyone have any recommendations for pain relief when having a kidney infection? Seeing as your not actually allowed to take painkillers,2016-05-20 21:05:15,1,painkillers,painkillers,"['anyone', 'have', 'any', 'recommendations', 'for', 'pain', 'relief', 'when', 'having', 'a', 'kidney', 'infection', '?', 'seeing', 'as', 'your', 'not', 'actually', 'allowed', 'to', 'take', 'painkillers']","['anyone', 'have', 'any', 'recommendations', 'for', 'pain', 'relief', 'when', 'having', 'a', 'kidney', 'infection', '?', 'seeing', 'as', 'your', 'not', 'actually', 'allowed', 'to', 'take', 'painkillers']",0,
576,809691056904224768,898306568,RT @motherboard: More research indicates the anesthetic and party drug ketamine is useful as an antidepressant https://t.co/whATK3jbwa http‚Ä¶,2016-12-16 09:26:05,1,ketamine; antidepressant,ketamine; antidepressant,"['rt', '@motherboard', ':', 'more', 'research', 'indicates', 'the', 'anesthetic', 'and', 'party', 'drug', 'ketamine', 'is', 'useful', 'as', 'an', 'antidepressant', 'https://t.co/whatk3jbwa', 'http', '‚Ä¶']","['rt', '@motherboard', ':', 'more', 'research', 'indicates', 'the', 'anesthetic', 'and', 'party', 'drug', 'ketamine', 'is', 'useful', 'as', 'an', 'antidepressant', 'https://t.co/whatk3jbwa', 'http', '‚Ä¶']",0,
220,529655713392762880,2562324517,About to get two cortisone shots in my left hand. #NoPainNoGain #triggerfingersucks,2014-11-04 15:25:37,1,cortisone shots,cortisone shots,"['about', 'to', 'get', 'two', 'cortisone', 'shots', 'in', 'my', 'left', 'hand', '.', '#nopainnogain', '#triggerfingersucks']","['about', 'to', 'get', 'two', 'cortisone', 'shots', 'in', 'my', 'left', 'hand', '.', '#nopainnogain', '#triggerfingersucks']",0,
183,778877854872371200,2571613094,"RT @SenSanders: There's no reason an #EpiPen, which costs Mylan just a few dollars to make, should cost families hundreds of dollars.",2016-09-22 08:45:26,1,epipen,epipen,"['rt', '@sensanders', ':', ""there's"", 'no', 'reason', 'an', '#epipen', ',', 'which', 'costs', 'mylan', 'just', 'a', 'few', 'dollars', 'to', 'make', ',', 'should', 'cost', 'families', 'hundreds', 'of', 'dollars', '.']","['rt', '@sensanders', ':', ""there's"", 'no', 'reason', 'an', '#epipen', ',', 'which', 'costs', 'mylan', 'just', 'a', 'few', 'dollars', 'to', 'make', ',', 'should', 'cost', 'families', 'hundreds', 'of', 'dollars', '.']",0,
289,608814987130322945,35571940,James just chased his xanax with a shot of crown apple üòÇüòÇ then his sunglasses flew out the window. This is gonna be  great weekend üòÇ,2015-06-11 01:56:18,1,xanax,xanax,"['james', 'just', 'chased', 'his', 'xanax', 'with', 'a', 'shot', 'of', 'crown', 'apple', 'üòÇ', 'üòÇ', 'then', 'his', 'sunglasses', 'flew', 'out', 'the', 'window', '.', 'this', 'is', 'gonna', 'be', 'great', 'weekend', 'üòÇ']","['james', 'just', 'chased', 'his', '__@DRUG@__', 'with', 'a', 'shot', 'of', 'crown', 'apple', 'üòÇ', 'üòÇ', 'then', 'his', 'sunglasses', 'flew', 'out', 'the', 'window', '.', 'this', 'is', 'gonna', 'be', 'great', 'weekend', 'üòÇ']",0,
162,856137607687753728,761585143161159680,Leg Pain Sciatica? 300mg Gabapentin Three Times A Day Making It Worse https://t.co/hasYrLbXu1,2017-04-23 13:28:06,1,gabapentin,gabapentin,"['leg', 'pain', 'sciatica', '?', '300mg', 'gabapentin', 'three', 'times', 'a', 'day', 'making', 'it', 'worse', 'https://t.co/hasyrlbxu1']","['leg', 'pain', 'sciatica', '?', '300mg', '__@DRUG@__', 'three', 'times', 'a', 'day', 'making', 'it', 'worse', 'https://t.co/hasyrlbxu1']",0,
687,310374396957188096,15885967,Ahhh dammit :(  someone please bring me some ibuprofen :( #sick #fever #feellikedeath #ugh #whyme http://t.co/qSzpjoSvlw,2013-03-09 12:59:57,1,ibuprofen,ibuprofen,"['ahhh', 'dammit', ':(', 'someone', 'please', 'bring', 'me', 'some', 'ibuprofen', ':(', '#sick', '#fever', '#feellikedeath', '#ugh', '#whyme', 'http://t.co/qszpjosvlw']","['ahhh', 'dammit', ':(', 'someone', 'please', 'bring', 'me', 'some', '__@DRUG@__', ':(', '#sick', '#fever', '#feellikedeath', '#ugh', '#whyme', 'http://t.co/qszpjosvlw']",0,
355,583693842370666497,537639654,Some people say I'm crazy and I might need to take some ridalin,2015-04-02 18:13:51,1,ridalin,ritalin,"['some', 'people', 'say', ""i'm"", 'crazy', 'and', 'i', 'might', 'need', 'to', 'take', 'some', 'ridalin']","['some', 'people', 'say', ""i'm"", 'crazy', 'and', 'i', 'might', 'need', 'to', 'take', 'some', 'ridalin']",0,
559,775788478898462720,3001253601,RT @lisamjarvis: Friend's bill today for 4 boxes of EpiPens for 2 sons (1 each for school &amp; 1 each for home)=$2200. She cried at Rite Aid.,2016-09-13 20:09:21,1,epipens,epipen,"['rt', '@lisamjarvis', ':', ""friend's"", 'bill', 'today', 'for', '4', 'boxes', 'of', 'epipens', 'for', '2', 'sons', '(', '1', 'each', 'for', 'school', '&', '1', 'each', 'for', 'home', ')=', '$', '2200', '.', 'she', 'cried', 'at', 'rite', 'aid', '.']","['rt', '@lisamjarvis', ':', ""friend's"", 'bill', '__@DRUG@__', 'for', '4', 'boxes', 'of', 'epipens', 'for', '2', 'sons', '(', '1', 'each', 'for', 'school', '&', '1', 'each', 'for', 'home', ')=', '$', '2200', '.', 'she', 'cried', 'at', 'rite', 'aid', '.']",0,
731,796023183916802052,2508529767,But possible UTI so she prescribed me antibiotics forgot to give them my insurance card payed $50 üëÄso gonna go back to try get money off smh,2016-11-08 16:14:51,1,antibiotics,antibiotics,"['but', 'possible', 'uti', 'so', 'she', 'prescribed', 'me', 'antibiotics', 'forgot', 'to', 'give', 'them', 'my', 'insurance', 'card', 'payed', '$', '50', 'üëÄ', 'so', 'gonna', 'go', 'back', 'to', 'try', 'get', 'money', 'off', 'smh']","['but', 'possible', 'uti', 'so', 'she', 'prescribed', 'me', 'antibiotics', 'forgot', 'to', 'give', 'them', 'my', 'insurance', 'card', 'payed', '$', '50', 'üëÄ', 'so', 'gonna', 'go', 'back', 'to', 'try', 'get', 'money', 'off', 'smh']",0,
885,892463225329123329,169242671,RT @OhEmmeG: i really wanna show yall the ass maca root gave me. the shit really works good sis,2017-08-01 19:13:08,1,maca root,maca root,"['rt', '@ohemmeg', ':', 'i', 'really', 'wanna', 'show', 'yall', 'the', 'ass', 'maca', 'root', 'gave', 'me', '.', 'the', 'shit', 'really', 'works', 'good', 'sis']","['rt', '@ohemmeg', ':', 'i', 'really', 'wanna', 'show', 'yall', 'the', 'ass', 'maca', 'root', 'gave', 'me', '.', 'the', 'shit', 'really', 'works', 'good', 'sis']",0,
889,484968927127027712,32778223,"""@TheSpanishVines: Vicks fixes everything!  https://t.co/RttaJkD9GS"" @RC_Vega5 LMAO!!!",2014-07-04 07:56:17,1,vicks,vicks vaporub,"['""', '@thespanishvines', ':', 'vicks', 'fixes', 'everything', '!', 'https://t.co/rttajkd9gs', '""', '@rc_vega5', 'lmao', '!', '!', '!']","['""', '@thespanishvines', ':', 'vicks', 'fixes', 'everything', '!', 'https://t.co/rttajkd9gs', '""', '@rc_vega5', 'lmao', '!', '!', '!']",0,
835,750392600985636864,37728023,When can i take sub: I took 4 norcos at 230pm yesterday and have been on norcos for a long time im done its k... https://t.co/LAU7EBozOq,2016-07-05 18:15:12,1,norcos; norcos,norco; norco,"['when', 'can', 'i', 'take', 'sub', ':', 'i', 'took', '4', 'norcos', 'at', '230pm', 'yesterday', 'and', 'have', 'been', 'on', 'norcos', 'for', 'a', 'long', 'time', 'im', 'done', 'its', 'k', '...', 'https://t.co/lau7ebozoq']","['when', 'can', 'i', 'take', 'sub', ':', 'i', 'took', '4', 'norcos', 'at', '230pm', 'yesterday', 'and', 'have', 'been', 'on', 'norcos', 'for', 'a', 'long', 'time', 'im', 'done', 'its', 'k', '...', 'https://t.co/lau7ebozoq']",0,
320,275783053572448257,243031637,@staciguidry Me too. I blame the vyvanse. Plus I just don't really care who I offend most of the time.,2012-12-04 02:06:18,1,vyvanse,vyvanse,"['@staciguidry', 'me', 'too', '.', 'i', 'blame', 'the', 'vyvanse', '.', 'plus', 'i', 'just', ""don't"", 'really', 'care', 'who', 'i', 'offend', 'most', 'of', 'the', 'time', '.']","['@staciguidry', 'me', 'too', '.', 'i', 'blame', 'the', '__@DRUG@__', '.', 'plus', 'i', 'just', ""don't"", 'really', 'care', 'who', 'i', 'offend', 'most', 'of', 'the', 'time', '.']",0,
796,704944178799763456,50298370,"@Loveaudrey83 That was me yesterday. Today, paracetamol and coffee have just about got me going...",2016-03-02 08:19:24,1,paracetamol,paracetamol,"['@loveaudrey83', 'that', 'was', 'me', 'yesterday', '.', 'today', ',', 'paracetamol', 'and', 'coffee', 'have', 'just', 'about', 'got', 'me', 'going', '...']","['@loveaudrey83', 'that', 'was', 'me', 'yesterday', '.', '__@DRUG@__', ',', 'paracetamol', 'and', 'coffee', 'have', 'just', 'about', 'got', 'me', 'going', '...']",0,
577,850409573907402752,396749961,RT @Offparoletx: Stop hardcore kids from gettin into screw 2017 this herb pourin regular ass DayQuil or maybe robitussin on screws grave ht‚Ä¶,2017-04-07 18:06:56,1,dayquil,dayquil,"['rt', '@offparoletx', ':', 'stop', 'hardcore', 'kids', 'from', 'gettin', 'into', 'screw', '2017', 'this', 'herb', 'pourin', 'regular', 'ass', 'dayquil', 'or', 'maybe', 'robitussin', 'on', 'screws', 'grave', 'ht', '‚Ä¶']","['rt', '@offparoletx', ':', 'stop', 'hardcore', 'kids', 'from', 'gettin', 'into', 'screw', '2017', 'this', 'herb', 'pourin', 'regular', 'ass', 'dayquil', 'or', 'maybe', 'robitussin', 'on', 'screws', 'grave', 'ht', '‚Ä¶']",0,
872,870085777434083328,1554336475,RT @mariellephant: your mcm calls himself an entrepreneur bc he sells xanax to high schoolers,2017-06-01 01:13:09,1,xanax,xanax,"['rt', '@mariellephant', ':', 'your', 'mcm', 'calls', 'himself', 'an', 'entrepreneur', 'bc', 'he', 'sells', 'xanax', 'to', 'high', 'schoolers']","['rt', '@mariellephant', ':', 'your', 'mcm', 'calls', 'himself', 'an', 'entrepreneur', 'bc', 'he', 'sells', '__@DRUG@__', 'to', 'high', 'schoolers']",0,
893,582517749060091904,811165543,About to try myitworks hair skin and nail vitamins! http://t.co/30bzakS4Pj,2015-03-30 12:20:28,1,myitworks hair shin and nail vitamins,myitworks hair shin and nail vitamins,"['about', 'to', 'try', 'myitworks', 'hair', 'skin', 'and', 'nail', 'vitamins', '!', 'http://t.co/30bzaks4pj']","['about', 'to', 'try', 'myitworks', 'hair', 'skin', 'and', 'nail', 'vitamins', '!', 'http://t.co/30bzaks4pj']",0,
819,674572827572457472,20422177,I'm soooo nauseous from the cytoxin treatment yesterday. I curled up on the couch and Princess‚Ä¶ https://t.co/Fs4iAEjsYG,2015-12-09 12:54:29,1,cytoxin,Cytoxan,"[""i'm"", 'soooo', 'nauseous', 'from', 'the', 'cytoxin', 'treatment', 'yesterday', '.', 'i', 'curled', 'up', 'on', 'the', 'couch', 'and', 'princess', '‚Ä¶', 'https://t.co/fs4iaejsyg']","[""i'm"", 'soooo', 'nauseous', 'from', 'the', 'cytoxin', 'treatment', 'yesterday', '.', 'i', 'curled', 'up', 'on', 'the', 'couch', 'and', 'princess', '‚Ä¶', 'https://t.co/fs4iaejsyg']",0,
765,231886890985484288,21353372,"Nothing says no-sleep-tonight quite like the sight of Nurofen, Calpol &amp; a thermometor on the bedside locker.... #onbabywatch",2012-08-04 22:58:37,1,Nurofen; Calpol,Nurofen; Calpol,"['nothing', 'says', 'no-sleep-tonight', 'quite', 'like', 'the', 'sight', 'of', 'nurofen', ',', 'calpol', '&', 'a', 'thermometor', 'on', 'the', 'bedside', 'locker', '...', '#onbabywatch']","['nothing', 'says', 'no-sleep-tonight', 'quite', 'like', 'the', 'sight', 'of', 'nurofen', ',', 'calpol', '&', 'a', 'thermometor', 'on', 'the', 'bedside', 'locker', '...', '#onbabywatch']",0,
141,373971753833218049,341977826,"Why hasn't some bright spark invented a Panadol, post mix coke and hot chip vending machine especially for Sundays???",2013-09-01 00:53:08,1,panadol,panadol,"['why', ""hasn't"", 'some', 'bright', 'spark', 'invented', 'a', 'panadol', ',', 'post', 'mix', 'coke', 'and', 'hot', 'chip', 'vending', 'machine', 'especially', 'for', 'sundays', '?', '?', '?']","['why', ""hasn't"", 'some', 'bright', 'spark', 'invented', 'a', 'panadol', ',', 'post', 'mix', 'coke', 'and', 'hot', 'chip', 'vending', 'machine', 'especially', 'for', 'sundays', '?', '?', '?']",0,
729,653751748746735616,408912728,A shot of morphine changes someone...... Their sleeping schedule that is,2015-10-13 01:58:57,1,morphine,morphine,"['a', 'shot', 'of', 'morphine', 'changes', 'someone', '...', 'their', 'sleeping', 'schedule', 'that', 'is']","['a', 'shot', 'of', 'morphine', 'changes', 'someone', '...', 'their', 'sleeping', 'schedule', 'that', 'is']",0,
923,619670005106372608,1146482054,RT @RowdyLifeYP: XANAX IS NOT WASSUP... Yall need to slow down with that shit,2015-07-11 00:50:16,1,xanax,xanax,"['rt', '@rowdylifeyp', ':', 'xanax', 'is', 'not', 'wassup', '...', 'yall', 'need', 'to', 'slow', 'down', 'with', 'that', 'shit']","['rt', '@rowdylifeyp', ':', '__@DRUG@__', 'is', 'not', 'wassup', '...', 'yall', 'need', 'to', 'slow', 'down', 'with', 'that', 'shit']",0,
49,900442114080866304,16561927,Waiting for this antibiotic and painkiller to kick in. ‚åö,2017-08-23 19:38:24,1,antibiotic; painkiller,antibiotic; painkiller,"['waiting', 'for', 'this', 'antibiotic', 'and', 'painkiller', 'to', 'kick', 'in', '.', '‚åö']","['waiting', 'for', 'this', 'antibiotic', 'and', 'painkiller', 'to', 'kick', 'in', '.', '‚åö']",0,
724,840349009680187394,25111161,Should Viagra and Birth Control Be Regulated the Same Way? https://t.co/JAWGYO2Hvm via @YahooBeauty,2017-03-10 23:49:51,1,viagra; birth control,viagra; birth control,"['should', 'viagra', 'and', 'birth', 'control', 'be', 'regulated', 'the', 'same', 'way', '?', 'https://t.co/jawgyo2hvm', 'via', '@yahoobeauty']","['should', '__@DRUG@__', 'and', 'birth', 'control', 'be', 'regulated', 'the', 'same', 'way', '?', 'https://t.co/jawgyo2hvm', 'via', '@yahoobeauty']",0,
166,476090412785205248,301056800,Is drinking NutriC the same as taking VitaminC? This question is very important,2014-06-09 19:56:14,1,vitaminc,vitamin C,"['is', 'drinking', 'nutric', 'the', 'same', 'as', 'taking', 'vitaminc', '?', 'this', 'question', 'is', 'very', 'important']","['is', 'drinking', 'nutric', 'the', 'same', 'as', 'taking', 'vitaminc', '?', 'this', 'question', 'is', 'very', 'important']",0,
6,905059073720283136,3131199549,Mirtazapine (remeron) is completely destroying my sex drive. Any advice? Or is this just part and parcel.,2017-09-05 13:24:33,1,mirtazapine; remeron,mirtazapine; remeron,"['mirtazapine', '(', 'remeron', ')', 'is', 'completely', 'destroying', 'my', 'sex', 'drive', '.', 'any', 'advice', '?', 'or', 'is', 'this', 'just', 'part', 'and', 'parcel', '.']","['__@DRUG@__', '(', '__@DRUG@__', ')', 'is', 'completely', 'destroying', 'my', 'sex', 'drive', '.', 'any', 'advice', '?', 'or', 'is', 'this', 'just', 'part', 'and', 'parcel', '.']",0,
914,653402514109304832,3464486112,I think them percocets had me in my feelings..,2015-10-12 02:51:13,1,percocets,percocet,"['i', 'think', 'them', 'percocets', 'had', 'me', 'in', 'my', 'feelings', '..']","['i', 'think', 'them', 'percocets', 'had', 'me', 'in', 'my', 'feelings', '..']",0,
282,814637082752720896,228394397,"I love the way your breathNumbs me of novacaineAnd we areAlways highKeep it strangeOkay, yeah, I'm insaneBut you the same",2016-12-30 00:59:50,1,novacaine,Novocain,"['i', 'love', 'the', 'way', 'your', 'breathnumbs', 'me', 'of', 'novacaineand', 'we', 'arealways', 'highkeep', 'it', 'strangeokay', ',', 'yeah', ',', ""i'm"", 'insanebut', 'you', 'the', 'same']","['i', 'love', 'the', 'way', 'your', 'breathnumbs', 'me', 'of', 'novacaineand', 'we', 'arealways', 'highkeep', 'it', 'strangeokay', ',', 'yeah', ',', ""i'm"", 'insanebut', 'you', 'the', 'same']",0,
834,884282837503012865,346317396,RT @Sadieisonfire: 2018 freshman xxl class:lil hydrantlil spoonlil 1.2 gpalil lillil fegislil weed smokingtylenol pm infinity ward‚Ä¶,2017-07-10 05:27:12,1,tylenol pm,tylenol pm,"['rt', '@sadieisonfire', ':', '2018', 'freshman', 'xxl', 'class', ':', 'lil', 'hydrantlil', 'spoonlil', '1.2', 'gpalil', 'lillil', 'fegislil', 'weed', 'smokingtylenol', 'pm', 'infinity', 'ward', '‚Ä¶']","['rt', '@sadieisonfire', ':', '2018', 'freshman', 'xxl', 'class', ':', 'lil', 'hydrantlil', 'spoonlil', '1.2', 'gpalil', 'lillil', 'fegislil', 'weed', 'smokingtylenol', 'pm', 'infinity', 'ward', '‚Ä¶']",0,
760,897773365263552513,133014226,just got prescribed new antipsychotics so now on 3 meds that make me gain weight as a side effectYES so happy excellent absolutely fantastic,2017-08-16 10:53:44,1,antipsychotics,antipsychotics,"['just', 'got', 'prescribed', 'new', 'antipsychotics', 'so', 'now', 'on', '3', 'meds', 'that', 'make', 'me', 'gain', 'weight', 'as', 'a', 'side', 'effectyes', 'so', 'happy', 'excellent', 'absolutely', 'fantastic']","['just', 'got', 'prescribed', 'new', 'antipsychotics', 'so', 'now', 'on', '3', 'meds', 'that', 'make', 'me', 'gain', 'weight', 'as', 'a', 'side', 'effectyes', 'so', 'happy', 'excellent', 'absolutely', 'fantastic']",0,
920,856688176836030465,606444492,Online shopping and blaming the cough syrup with codeine when it arrives ü§∑üèº‚Äç‚ôÄÔ∏è,2017-04-25 01:55:52,1,cough syrup with codeine,cough syrup with codeine,"['online', 'shopping', 'and', 'blaming', 'the', 'cough', 'syrup', 'with', 'codeine', 'when', 'it', 'arrives', 'ü§∑', 'üèº', '\u200d', '‚ôÄ', 'Ô∏è']","['online', 'shopping', 'and', 'blaming', 'the', 'cough', 'syrup', 'with', 'codeine', 'when', 'it', 'arrives', 'ü§∑', 'üèº', '\u200d', '‚ôÄ', 'Ô∏è']",0,
714,520787185961037824,232773383,This month's #Melatonin stash... how many mg's do you give your #AutisticChild http://t.co/RZvu7oIocA,2014-10-11 04:05:15,1,melatonin,melatonin,"['this', ""month's"", '#melatonin', 'stash', '...', 'how', 'many', ""mg's"", 'do', 'you', 'give', 'your', '#autisticchild', 'http://t.co/rzvu7oioca']","['this', ""month's"", '#melatonin', 'stash', '...', 'how', 'many', ""mg's"", 'do', 'you', 'give', 'your', '#autisticchild', 'http://t.co/rzvu7oioca']",0,
427,903550314409811968,783269761832652805,"VICKS Vapor Rub ACNE TREATMENT??? (When, Where &amp; How To¬†Apply) https://t.co/gLP7fB8uqo",2017-09-01 09:29:16,1,vicks vapor rub,vicks vaporub,"['vicks', 'vapor', 'rub', 'acne', 'treatment', '?', '?', '?', '(', 'when', ',', 'where', '&', 'how', 'to', 'apply', ')', 'https://t.co/glp7fb8uqo']","['vicks', 'vapor', 'rub', 'acne', 'treatment', '?', '?', '?', '(', 'when', ',', 'where', '&', 'how', 'to', 'apply', ')', 'https://t.co/glp7fb8uqo']",0,
906,880989431464947713,849585653012512768,#iCliniq Q. Can I take Prednisolone for asthma? #InternalMedicine #Asthma #Levocetirizine #Allergy #InhaledSteroids https://t.co/ZdY2SjRDZ0,2017-07-01 03:20:23,1,prednisolone; levocetirizine; inhaled steroids,prednisolone; levocetirizine; inhaled steroids,"['#icliniq', 'q', '.', 'can', 'i', 'take', 'prednisolone', 'for', 'asthma', '?', '#internalmedicine', '#asthma', '#levocetirizine', '#allergy', '#inhaledsteroids', 'https://t.co/zdy2sjrdz0']","['#icliniq', 'q', '.', 'can', 'i', 'take', '__@DRUG@__', 'for', 'asthma', '?', '#internalmedicine', '#asthma', '#levocetirizine', '#allergy', '#inhaledsteroids', 'https://t.co/zdy2sjrdz0']",0,
